Equipo;Competencia;Internacional;Oficial;Rival;Minuto;Fecha;Ciudad;Pais;Condición;Resultado Final;
River Plate;Amistoso;No;No;Jorge Newbery;18;25/05/1937;Rufino;Argentina;Visitante;8-0;
River Plate;Amistoso;No;No;Jorge Newbery;72;25/05/1937;Rufino;Argentina;Visitante;8-0;
River Plate;Amistoso;No;No;Jorge Newbery;76;25/05/1937;Rufino;Argentina;Visitante;8-0;
River Plate;Torneo Internacional Nocturno 1938;Si;No;Newells;;22/01/1938;Rosario;Argentina;Visitante;1-5;
River Plate;Primera División AFA;No;Si;Atlanta;;15/10/1939;Buenos Aires;Argentina;Visitante;4-2;
River Plate;Primera División AFA;No;Si;Newells;;29/10/1939;Rosario;Argentina;Visitante;1-1;
River Plate;Primera División AFA;No;Si;Platense;;01/11/1939;Buenos Aires;Argentina;Local;3-2;
River Plate;Primera División AFA;No;Si;Platense;;01/11/1939;Buenos Aires;Argentina;Local;3-2;
River Plate;Primera División AFA;No;Si;Boca;;05/11/1939;Buenos Aires;Argentina;Visitante;2-1;
River Plate;Primera División AFA;No;Si;Lanús;;26/11/1939;Buenos Aires;Argentina;Local;5-2;
River Plate;Primera División AFA;No;Si;Vélez;;03/12/1939;Buenos Aires;Argentina;Visitante;4-0;
River Plate;Amistoso;No;No;Boca;84;20/01/1940;Buenos Aires;Argentina;Neutral;2-3;
River Plate;Amistoso;No;No;Estudiantes;;21/03/1940;Buenos Aires;Argentina;Local;5-0;
River Plate;Amistoso;No;No;Boca;19;24/03/1940;Buenos Aires;Argentina;Neutral;2-1;
River Plate;Amistoso;No;No;Belgrano de Córdoba;;01/05/1940;Córdoba;Argentina;Visitante;4-4;
River Plate;Primera División AFA;No;Si;Banfield;;07/07/1940;Buenos Aires;Argentina;Local;6-0;
River Plate;Primera División AFA;No;Si;Chacarita;;21/07/1940;Buenos Aires;Argentina;Local;4-1;
River Plate;Primera División AFA;No;Si;Chacarita;;21/07/1940;Buenos Aires;Argentina;Local;4-1;
River Plate;Primera División AFA;No;Si;Atlanta;;28/07/1940;Buenos Aires;Argentina;Visitante;4-1;
River Plate;Primera División AFA;No;Si;Racing;;25/08/1940;Buenos Aires;Argentina;Local;5-1;
River Plate;Primera División AFA;No;Si;Racing;;25/08/1940;Buenos Aires;Argentina;Local;5-1;
River Plate;Primera División AFA;No;Si;Gimnasia La Plata;;01/09/1940;La Plata;Argentina;Visitante;2-0;
River Plate;Primera División AFA;No;Si;Vélez;;20/10/1940;Buenos Aires;Argentina;Local;4-0;
River Plate;Primera División AFA;No;Si;Ferro;;09/11/1940;Buenos Aires;Argentina;Visitante;4-1;
River Plate;Primera División AFA;No;Si;Ferro;;09/11/1940;Buenos Aires;Argentina;Visitante;4-1;
River Plate;Primera División AFA;No;Si;Boca;7;17/11/1940;Buenos Aires;Argentina;Local;1-1;
River Plate;Primera División AFA;No;Si;Lanús;;01/12/1940;Buenos Aires;Argentina;Local;7-1;
River Plate;Primera División AFA;No;Si;Chacarita;;08/12/1940;Buenos Aires;Argentina;Visitante;7-0;
River Plate;Primera División AFA;No;Si;Atlanta;;15/12/1940;Buenos Aires;Argentina;Local;7-1;
River Plate;Amistoso;No;No;Newells;;11/01/1941;Rosario;Argentina;Visitante;2-3;
River Plate;Copa Myrurgia;Si;No;Nacional de Montevideo;;19/01/1941;Montevideo;Uruguay;Visitante;4-3;
River Plate;Copa Myrurgia;Si;No;Nacional de Montevideo;;19/01/1941;Montevideo;Uruguay;Visitante;4-3;
River Plate;Copa Myrurgia;Si;No;Nacional de Montevideo;;19/01/1941;Montevideo;Uruguay;Visitante;4-3;
River Plate;Amistoso;No;No;Excursionistas;;26/01/1941;Buenos Aires;Argentina;Neutral;4-0;
River Plate;Amistoso;No;No;Excursionistas;;02/02/1941;Buenos Aires;Argentina;Neutral;3-3;
River Plate;Amistoso;No;No;Racing;;09/02/1941;Buenos Aires;Argentina;Neutral;6-5;
River Plate;Amistoso;No;No;Racing;;09/02/1941;Buenos Aires;Argentina;Neutral;6-5;
River Plate;Amistoso;No;No;Racing;;09/02/1941;Buenos Aires;Argentina;Neutral;6-5;
River Plate;Amistoso;No;No;Quilmes de Mar del Plata;;02/03/1941;Mar del Plata;Argentina;Visitante;8-1;
River Plate;Amistoso;No;No;Racing;;16/03/1941;Buenos Aires;Argentina;Neutral;2-4;
River Plate;Primera División AFA;No;Si;Gimnasia La Plata;;11/04/1941;La Plata;Argentina;Visitante;3-0;
River Plate;Primera División AFA;No;Si;Ferro;;18/05/1941;Buenos Aires;Argentina;Local;4-0;
River Plate;Primera División AFA;No;Si;Rosario Central;;25/05/1941;Rosario;Argentina;Visitante;5-3;
River Plate;Primera División AFA;No;Si;Rosario Central;;25/05/1941;Rosario;Argentina;Visitante;5-3;
River Plate;Primera División AFA;No;Si;Lanús;;08/06/1941;Buenos Aires;Argentina;Visitante;4-2;
River Plate;Primera División AFA;No;Si;Racing;;03/08/1941;Buenos Aires;Argentina;Local;2-0;
River Plate;Primera División AFA;No;Si;Banfield;;10/08/1941;Banfield;Argentina;Visitante;4-2;
River Plate;Primera División AFA;No;Si;Rosario Central;;14/09/1941;Buenos Aires;Argentina;Local;2-1;
River Plate;Primera División AFA;No;Si;Lanús;;26/09/1941;Buenos Aires;Argentina;Local;4-0;
River Plate;Primera División AFA;No;Si;Boca;11;19/10/1941;Buenos Aires;Argentina;Local;5-1;
River Plate;Primera División AFA;No;Si;Estudiantes;;26/10/1941;Buenos Aires;Argentina;Visitante;3-1;
River Plate;Copa Adrián Escobar;No;Si;San Lorenzo;;02/11/1941;Buenos Aires;Argentina;Neutral;2-1;
River Plate;Copa Adrián Escobar;No;Si;San Lorenzo;;02/11/1941;Buenos Aires;Argentina;Neutral;2-1;
River Plate;Amistoso;No;No;Santiago Wanderers;;21/12/1941;Santiago;Chile;Visitante;5-2;
River Plate;Amistoso;No;No;Santiago Wanderers;;21/12/1941;Santiago;Chile;Visitante;5-2;
River Plate;Amistoso;No;No;Racing;;21/01/1942;Buenos Aires;Argentina;Neutral;6-1;
River Plate;Amistoso;No;No;Racing;;21/01/1942;Buenos Aires;Argentina;Neutral;6-1;
River Plate;Amistoso;No;No;Racing;;04/02/1942;Buenos Aires;Argentina;Neutral;4-0;
River Plate;Amistoso;No;No;Racing;;04/02/1942;Buenos Aires;Argentina;Neutral;4-0;
River Plate;Amistoso;No;No;Platense;;15/03/1942;Buenos Aires;Argentina;Neutral;3-0;
River Plate;Amistoso;No;No;Platense;;15/03/1942;Buenos Aires;Argentina;Neutral;3-0;
River Plate;Copa Ibarguren;No;Si;Newells;16;22/03/1942;Buenos Aires;Argentina;Neutral;3-0;
River Plate;Copa Aldao;Si;Si;Nacional de Montevideo;;29/03/1942;Buenos Aires;Argentina;Local;6-1;
River Plate;Copa Aldao;Si;Si;Nacional de Montevideo;;29/03/1942;Buenos Aires;Argentina;Local;6-1;
River Plate;Copa Aldao;Si;Si;Nacional de Montevideo;;29/03/1942;Buenos Aires;Argentina;Local;6-1;
River Plate;Primera División AFA;No;Si;Lanús;;18/04/1942;Buenos Aires;Argentina;Local;5-0;
River Plate;Primera División AFA;No;Si;Gimnasia y Esgrima ;;03/05/1942;La Plata;Argentina;Visitante;2-2;
River Plate;Primera División AFA;No;Si;San Lorenzo;;17/05/1942;Buenos Aires;Argentina;Visitante;2-1;
River Plate;Primera División AFA;No;Si;Chacarita;;07/06/1942;Buenos Aires;Argentina;Visitante;6-2;
River Plate;Primera División AFA;No;Si;Chacarita;;07/06/1942;Buenos Aires;Argentina;Visitante;6-2;
River Plate;Primera División AFA;No;Si;Banfield;;21/06/1942;Banfield;Argentina;Visitante;4-0;
River Plate;Primera División AFA;No;Si;Banfield;;21/06/1942;Banfield;Argentina;Visitante;4-0;
River Plate;Primera División AFA;No;Si;Estudiantes;;05/07/1942;La Plata;Argentina;Visitante;4-0;
River Plate;Primera División AFA;No;Si;Boca;46;19/07/1942;Buenos Aires;Argentina;Local;4-0;
River Plate;Primera División AFA;No;Si;Boca;71;19/07/1942;Buenos Aires;Argentina;Local;4-0;
River Plate;Primera División AFA;No;Si;Gimnasia y Esgrima ;;06/09/1942;Buenos Aires;Argentina;Local;4-4;
River Plate;Primera División AFA;No;Si;San Lorenzo;;20/09/1942;Buenos Aires;Argentina;Local;1-1;
River Plate;Primera División AFA;No;Si;Banfield;;18/10/1942;Buenos Aires;Argentina;Local;5-2;
River Plate;Primera División AFA;No;Si;Platense;;25/10/1942;Buenos Aires;Argentina;Visitante;3-2;
River Plate;Primera División AFA;No;Si;Estudiantes;;01/11/1942;Buenos Aires;Argentina;Local;3-1;
River Plate;Copa Aldao;Si;Si;Nacional de Montevideo;;05/12/1942;Montevideo;Uruguay;Visitante;1-1;
River Plate;Copa Ibarguren;No;Si;Liga Cordobesa;73;04/04/1943;Buenos Aires;Argentina;Local;7-0;
River Plate;Primera División AFA;No;Si;Huracán;;18/04/1943;Buenos Aires;Argentina;Local;2-1;
River Plate;Primera División AFA;No;Si;Huracán;;18/04/1943;Buenos Aires;Argentina;Local;2-1;
River Plate;Primera División AFA;No;Si;Boca;;16/05/1943;Buenos Aires;Argentina;Local;3-1;
River Plate;Primera División AFA;No;Si;Boca;;16/05/1943;Buenos Aires;Argentina;Local;3-1;
River Plate;Amistoso;Si;No;Peñarol;;25/05/1943;Buenos Aires;Argentina;Local;3-2;
River Plate;Amistoso;Si;No;Peñarol;;25/05/1943;Buenos Aires;Argentina;Local;3-2;
River Plate;Primera División AFA;No;Si;Gimnasia La Plata;;06/06/1943;La Plata;Argentina;Visitante;3-2;
River Plate;Primera División AFA;No;Si;Ferro;;13/06/1943;Buenos Aires;Argentina;Local;3-1;
River Plate;Primera División AFA;No;Si;San Lorenzo;;01/08/1943;Buenos Aires;Argentina;Local;5-2;
River Plate;Primera División AFA;No;Si;Banfield;;08/08/1943;Buenos Aires;Argentina;Local;6-2;
River Plate;Primera División AFA;No;Si;Banfield;;08/08/1943;Buenos Aires;Argentina;Local;6-2;
River Plate;Primera División AFA;No;Si;Banfield;;08/08/1943;Buenos Aires;Argentina;Local;6-2;
River Plate;Primera División AFA;No;Si;Huracán;;22/08/1943;Buenos Aires;Argentina;Visitante;3-0;
River Plate;Primera División AFA;No;Si;Huracán;;22/08/1943;Buenos Aires;Argentina;Visitante;3-0;
River Plate;Primera División AFA;No;Si;Independiente  ;;29/08/1943;Buenos Aires;Argentina;Local;2-1;
River Plate;Primera División AFA;No;Si;Newells;;05/09/1943;Rosario;Argentina;Visitante;2-2;
River Plate;Primera División AFA;No;Si;Gimnasia La Plata;;17/10/1943;Buenos Aires;Argentina;Local;3-1;
River Plate;Primera División AFA;No;Si;Gimnasia La Plata;;17/10/1943;Buenos Aires;Argentina;Local;3-1;
River Plate;Primera División AFA;No;Si;Racing;;31/10/1943;Buenos Aires;Argentina;Local;5-0;
River Plate;Primera División AFA;No;Si;Racing;;31/10/1943;Buenos Aires;Argentina;Local;5-0;
River Plate;Primera División AFA;No;Si;Racing;;31/10/1943;Buenos Aires;Argentina;Local;5-0;
River Plate;Primera División AFA;No;Si;Rosario Central;;07/11/1943;Rosario;Argentina;Visitante;1-1;
River Plate;Primera División AFA;No;Si;Chacarita;;14/11/1943;Buenos Aires;Argentina;Local;3-0;
River Plate;Primera División AFA;No;Si;Banfield;;28/11/1943;Banfield;Argentina;Visitante;6-1;
River Plate;Primera División AFA;No;Si;Estudiantes;;05/12/1943;Buenos Aires;Argentina;Local;3-1;
River Plate;Amistoso;No;No;Gimnasia y Esgrima Mendoza;;18/12/1943;Mendoza;Argentina;Visitante;3-3;
River Plate;Amistoso;No;No;Combinado Mendoza;;19/12/1943;Mendoza;Argentina;Visitante;7-1;
River Plate;Amistoso;No;No;Combinado Mendoza;;19/12/1943;Mendoza;Argentina;Visitante;7-1;
River Plate;Amistoso;No;No;Selec. de Bahía Blanca;;06/01/1944;Bahía Blanca;Argentina;Visitante;5-0;
River Plate;Amistoso;No;No;Selec. de Bahía Blanca;;06/01/1944;Bahía Blanca;Argentina;Visitante;5-0;
River Plate;Amistoso;No;No;Selec. de Bahía Blanca;;08/01/1944;Bahía Blanca;Argentina;Visitante;5-1;
River Plate;Amistoso;No;No;Selec. de Bahía Blanca;;08/01/1944;Bahía Blanca;Argentina;Visitante;5-1;
River Plate;Torneo Internacional Nocturno 1944;No;No;San Lorenzo;;22/01/1944;Buenos Aires;Argentina;Neutral;7-1;
River Plate;Torneo Internacional Nocturno 1944;No;No;San Lorenzo;;22/01/1944;Buenos Aires;Argentina;Neutral;7-1;
River Plate;Torneo Internacional Nocturno 1944;No;No;Huracán;;26/01/1944;Buenos Aires;Argentina;Neutral;3-3;
River Plate;Torneo Internacional Nocturno 1944;Si;No;Nacional de Montevideo;;15/02/1944;Buenos Aires;Argentina;Neutral;6-3;
River Plate;Torneo Internacional Nocturno 1944;Si;No;Nacional de Montevideo;;15/02/1944;Buenos Aires;Argentina;Neutral;6-3;
River Plate;Torneo Internacional Nocturno 1944;Si;No;Nacional de Montevideo;;15/02/1944;Buenos Aires;Argentina;Neutral;6-3;
River Plate;Amistoso;No;No;Independiente;;26/03/1944;Buenos Aires;Argentina;Local;4-2;
River Plate;Amistoso;No;No;Independiente;;26/03/1944;Buenos Aires;Argentina;Local;4-2;
River Plate;Copa Británica;No;Si;Newells;;09/04/1944;Buenos Aires;Argentina;Neutral;2-3;
River Plate;Primera División AFA;No;Si;Huracán;;23/04/1944;Buenos Aires;Argentina;Local;5-3;
River Plate;Primera División AFA;No;Si;Huracán;;23/04/1944;Buenos Aires;Argentina;Local;5-3;
River Plate;Primera División AFA;No;Si;Huracán;;23/04/1944;Buenos Aires;Argentina;Local;5-3;
River Plate;Primera División AFA;No;Si;Atlanta;;30/04/1944;Buenos Aires;Argentina;Visitante;3-1;
River Plate;Primera División AFA;No;Si;Estudiantes;;07/05/1944;Buenos Aires;Argentina;Local;4-1;
River Plate;Primera División AFA;No;Si;Estudiantes;;07/05/1944;Buenos Aires;Argentina;Local;4-1;
River Plate;Primera División AFA;No;Si;Platense;;21/05/1944;Buenos Aires;Argentina;Local;2-1;
River Plate;Primera División AFA;No;Si;Platense;;21/05/1944;Buenos Aires;Argentina;Local;2-1;
River Plate;Primera División AFA;No;Si;Rosario Central;;28/05/1944;Rosario;Argentina;Visitante;1-1;
River Plate;Primera División AFA;No;Si;Racing;;04/06/1944;Buenos Aires;Argentina;Local;5-1;
River Plate;Primera División AFA;No;Si;Racing;;04/06/1944;Buenos Aires;Argentina;Local;5-1;
River Plate;Primera División AFA;No;Si;Racing;;04/06/1944;Buenos Aires;Argentina;Local;5-1;
River Plate;Primera División AFA;No;Si;Racing;;04/06/1944;Buenos Aires;Argentina;Local;5-1;
River Plate;Primera División AFA;No;Si;San Lorenzo;;02/07/1944;Buenos Aires;Argentina;Local;2-1;
River Plate;Amistoso;No;No;San Lorenzo;;15/08/1944;B;Argentina;Neutral;1-1;
River Plate;Primera División AFA;No;Si;Atlanta;;20/08/1944;Buenos Aires;Argentina;Local;4-2;
River Plate;Primera División AFA;No;Si;Estudiantes;;27/08/1944;Buenos Aires;Argentina;Visitante;3-2;
River Plate;Primera División AFA;No;Si;Platense;;10/09/1944;Buenos Aires;Argentina;Visitante;3-2;
River Plate;Primera División AFA;No;Si;Platense;;10/09/1944;Buenos Aires;Argentina;Visitante;3-2;
River Plate;Primera División AFA;No;Si;San Lorenzo;;05/11/1944;Buenos Aires;Argentina;Visitante;2-2;
River Plate;Primera División AFA;No;Si;Lanús;;12/11/1944;Buenos Aires;Argentina;Local;2-0;
River Plate;Primera División AFA;No;Si;Banfield;;19/11/1944;Buenos Aires;Argentina;Local;5-4;
River Plate;Primera División AFA;No;Si;Banfield;;19/11/1944;Buenos Aires;Argentina;Local;5-4;
River Plate;Primera División AFA;No;Si;Newells;;26/11/1944;Rosario;Argentina;Visitante;5-3;
River Plate;Primera División AFA;No;Si;Newells;;26/11/1944;Rosario;Argentina;Visitante;5-3;
River Plate;Primera División AFA;No;Si;Newells;;26/11/1944;Rosario;Argentina;Visitante;5-3;
River Plate;Amistoso;No;No;La Emilia (San Nicolás);;03/12/1944;San Nicolás;Argentina;Visitante;7-3;
River Plate;Amistoso;No;No;La Emilia (San Nicolás);;03/12/1944;San Nicolás;Argentina;Visitante;7-3;
River Plate;Amistoso;No;No;Comb. de Tucumán;;08/12/1944;Tucumán;Argentina;Visitante;3-2;
River Plate;Amistoso;No;No;Comb. de Tucumán;;10/12/1944;Tucumán;Argentina;Visitante;5-4;
River Plate;Amistoso;No;No;Comb. de Tucumán;;10/12/1944;Tucumán;Argentina;Visitante;5-4;
River Plate;Amistoso;No;No;Selec. de Bahía Blanca;;14/12/1944;Bahía Blanca;Argentina;Visitante;7-6;
River Plate;Amistoso;No;No;Selec. de Bahía Blanca;;14/12/1944;Bahía Blanca;Argentina;Visitante;7-6;
River Plate;Amistoso;No;No;Selec. de Bahía Blanca;;14/12/1944;Bahía Blanca;Argentina;Visitante;7-6;
River Plate;Amistoso;No;No;Selec. de Bahía Blanca;;14/12/1944;Bahía Blanca;Argentina;Visitante;7-6;
River Plate;Amistoso;No;No;Selec. de Bahía Blanca;;16/12/1944;Bahía Blanca;Argentina;Visitante;3-1;
River Plate;Amistoso;No;No;Varela Juniors;;18/12/1944;Florencio Varela;Argentina;Visitante;6-2;
River Plate;Amistoso;No;No;Varela Juniors;;18/12/1944;Florencio Varela;Argentina;Visitante;6-2;
River Plate;Amistoso;No;No;Selec. de Mar del Plata;;21/01/1945;Mar del Plata;Argentina;Visitante;3-2;
River Plate;Amistoso;No;No;Selec. de Mar del Plata;;28/01/1945;Mar del Plata;Argentina;Visitante;3-1;
River Plate;Amistoso;No;No;Selec. de Mar del Plata;;28/01/1945;Mar del Plata;Argentina;Visitante;3-1;
River Plate;Amistoso;No;No;CA de la Juventud SJ;;16/02/1945;San Juan;Argentina;Visitante;2-2;
River Plate;Amistoso;No;No;Juventud Alianza SJ;;18/02/1945;San Juan;Argentina;Visitante;1-2;
River Plate;Amistoso;No;No;Selección de Mendoza;;25/02/1945;Mendoza;Argentina;Visitante;7-1;
River Plate;Amistoso;No;No;Selección de Mendoza;;25/02/1945;Mendoza;Argentina;Visitante;7-1;
River Plate;Amistoso;No;No;Gimnasia (Mendoza);;04/03/1945;Buenos Aires;Argentina;Local;4-1;
River Plate;Amistoso;No;No;Racing Club;;11/03/1945;Buenos Aires;Argentina;Neutral;6-3;
River Plate;Amistoso;No;No;Racing Club;;11/03/1945;Buenos Aires;Argentina;Neutral;6-3;
River Plate;Amistoso;No;No;Racing Club;;11/03/1945;Buenos Aires;Argentina;Neutral;6-3;
River Plate;Amistoso;No;No;Racing Club;;11/03/1945;Buenos Aires;Argentina;Neutral;6-3;
River Plate;Amistoso;No;No;Unión SF;;20/03/1945;Santa Fe;Argentina;Visitante;1-3;
River Plate;Amistoso;No;No;San Lorenzo;;25/03/1945;Buenos Aires;Argentina;Neutral;3-2;
River Plate;Amistoso;No;No;Independiente;;29/03/1945;Avellaneda;Argentina;Neutral;2-3;
River Plate;Amistoso;No;No;Huracán;;01/04/1945;Buenos Aires;Argentina;Neutral;3-3;
River Plate;Copa Británica;No;Si;Platense;;08/04/1945;Buenos Aires;Argentina;Neutral;3-1;
River Plate;Copa Británica;No;Si;Platense;;08/04/1945;Buenos Aires;Argentina;Neutral;3-1;
River Plate;Primera División AFA;No;Si;Newells;;22/04/1945;Rosario;Argentina;Visitante;2-3;
River Plate;Primera División AFA;No;Si;Lanús;;25/04/1945;Lanús;Argentina;Visitante;2-0;
River Plate;Primera División AFA;No;Si;Vélez;;29/04/1945;Buenos Aires;Argentina;Local;3-1;
River Plate;Primera División AFA;No;Si;Vélez;;29/04/1945;Buenos Aires;Argentina;Local;3-1;
River Plate;Primera División AFA;No;Si;Independiente;;06/05/1945;Avellaneda;Argentina;Visitante;2-1;
River Plate;Primera División AFA;No;Si;Ferro;;27/05/1945;Buenos Aires;Argentina;Local;4-0;
River Plate;Primera División AFA;No;Si;Ferro;;27/05/1945;Buenos Aires;Argentina;Local;4-0;
River Plate;Primera División AFA;No;Si;Gimnasia y Esgrima ;;03/06/1945;La Plata;Argentina;Visitante;2-1;
River Plate;Copa Británica;No;Si;Racing;;20/06/1945;Buenos Aires;Argentina;Neutral;2-3;
River Plate;Primera División AFA;No;Si;Racing;;24/06/1945;Avellaneda;Argentina;Visitante;2-0;
River Plate;Primera División AFA;No;Si;Estudiantes;;01/07/1945;Buenos Aires;Argentina;Local;2-2;
River Plate;Primera División AFA;No;Si;Platense;;12/08/1945;Buenos Aires;Argentina;Local;5-2;
River Plate;Primera División AFA;No;Si;Platense;;12/08/1945;Buenos Aires;Argentina;Local;5-2;
River Plate;Primera División AFA;No;Si;Newells;;19/08/1945;Buenos Aires;Argentina;Local;2-0;
River Plate;Primera División AFA;No;Si;Vélez;;26/08/1945;Buenos Aires;Argentina;Visitante;1-1;
River Plate;Primera División AFA;No;Si;Independiente;;02/09/1945;Buenos Aires;Argentina;Local;3-2;
River Plate;Primera División AFA;No;Si;Independiente;;02/09/1945;Buenos Aires;Argentina;Local;3-2;
River Plate;Primera División AFA;No;Si;Ferro;;23/09/1945;Buenos Aires;Argentina;Visitante;5-2;
River Plate;Primera División AFA;No;Si;Ferro;;23/09/1945;Buenos Aires;Argentina;Visitante;5-2;
River Plate;Primera División AFA;No;Si;Rosario Central;;07/10/1945;Buenos Aires;Argentina;Local;4-1;
River Plate;Primera División AFA;No;Si;Rosario Central;;07/10/1945;Buenos Aires;Argentina;Local;4-1;
River Plate;Primera División AFA;No;Si;Atlanta;;14/10/1945;Buenos Aires;Argentina;Visitante;2-2;
River Plate;Primera División AFA;No;Si;Atlanta;;14/10/1945;Buenos Aires;Argentina;Visitante;2-2;
River Plate;Primera División AFA;No;Si;Estudiantes;;04/11/1945;La Plata;Argentina;Visitante;3-1;
River Plate;Primera División AFA;No;Si;Huracán;;11/11/1945;Buenos Aires;Argentina;Local;3-1;
River Plate;Primera División AFA;No;Si;Chacarita;;25/11/1945;Buenos Aires;Argentina;Local;2-0;
River Plate;Copa Aldao;Si;Si;Peñarol;;06/12/1945;Montevideo;Uruguay;Visitante;2-1;
River Plate;Copa Aldao;Si;Si;Peñarol;;06/12/1945;Montevideo;Uruguay;Visitante;2-1;
River Plate;Copa Aldao;Si;Si;Peñarol;;11/12/1945;Buenos Aires;Argentina;Local;3-2;
River Plate;Copa Aldao;Si;Si;Peñarol;;11/12/1945;Buenos Aires;Argentina;Local;3-2;
River Plate;Copa Aldao;Si;Si;Peñarol;;11/12/1945;Buenos Aires;Argentina;Local;3-2;
Selección Argentina;Copa Roca;Si;No;Brasil;;16/12/1945;San Pablo;Brasil;Visitante;3-4;
Selección Argentina;Copa América;Si;Si;Bolivia;;19/01/1946;Buenos Aires;Argentina;Local;7-1;
Selección Argentina;Copa América;Si;Si;Bolivia;;19/01/1946;Buenos Aires;Argentina;Local;7-1;
Selección Argentina;Copa América;Si;Si;Chile;;26/01/1946;Buenos Aires;Argentina;Local;3-1;
Selección Argentina;Copa América;Si;Si;Chile;;26/01/1946;Buenos Aires;Argentina;Local;3-1;
Selección Argentina;Copa América;Si;Si;Uruguay;;02/02/1946;Buenos Aires;Argentina;Local;2-1;
River Plate;Amistoso;No;No;Quilmes (Mar del Plata);;03/03/1946;Mar del Plata;Argentina;Visitante;5-1;
River Plate;Amistoso;No;No;Quilmes (Mar del Plata);;03/03/1946;Mar del Plata;Argentina;Visitante;5-1;
River Plate;Amistoso;No;No;Comb. de Mar del Plata;;08/03/1946;Mar del Plata;Argentina;Visitante;5-1;
River Plate;Amistoso;No;No;Comb. de Mar del Plata;;10/03/1946;Mar del Plata;Argentina;Visitante;4-2;
River Plate;Amistoso;No;No;Comb. de Mar del Plata;;10/03/1946;Mar del Plata;Argentina;Visitante;4-2;
River Plate;Amistoso;No;No;Comb. de Mar del Plata;;10/03/1946;Mar del Plata;Argentina;Visitante;4-2;
River Plate;Amistoso;No;No;Tigre;;23/03/1946;Buenos Aires;Argentina;Local;4-1;
River Plate;Amistoso;No;No;Tigre;;23/03/1946;Buenos Aires;Argentina;Local;4-1;
River Plate;Amistoso;No;No;San Lorenzo;;31/03/1946;Buenos Aires;Argentina;Visitante;3-0;
River Plate;Amistoso;No;No;San Lorenzo;;31/03/1946;Buenos Aires;Argentina;Visitante;3-0;
River Plate;Amistoso;No;No;Boca;;07/04/1946;Buenos Aires;Argentina;Neutral;1-0;
River Plate;Primera División AFA;No;Si;Estudiantes;;12/05/1946;Buenos Aires;Argentina;Local;3-1;
River Plate;Primera División AFA;No;Si;Vélez;;26/05/1946;Buenos Aires;Argentina;Local;2-1;
River Plate;Copa Británica;No;Si;Chacarita;;20/06/1946;Buenos Aires;Argentina;Neutral;8-4;
River Plate;Copa Británica;No;Si;Chacarita;;20/06/1946;Buenos Aires;Argentina;Neutral;8-4;
River Plate;Copa Británica;No;Si;Chacarita;;20/06/1946;Buenos Aires;Argentina;Neutral;8-4;
River Plate;Copa Británica;No;Si;Chacarita;;20/06/1946;Buenos Aires;Argentina;Neutral;8-4;
River Plate;Primera División AFA;No;Si;Rosario Central;;23/06/1946;Buenos Aires;Argentina;Local;3-1;
River Plate;Primera División AFA;No;Si;Rosario Central;;23/06/1946;Buenos Aires;Argentina;Local;3-1;
River Plate;Amistoso;No;No;Combinado Jujuy;;08/07/1946;Jujuy;Argentina;Visitante;3-0;
River Plate;Amistoso;No;No;Combinado Jujuy;;08/07/1946;Jujuy;Argentina;Visitante;3-0;
River Plate;Primera División AFA;No;Si;Racing;;18/08/1946;Avellaneda;Argentina;Visitante;1-1;
River Plate;Primera División AFA;No;Si;Ferro;;29/09/1946;Buenos Aires;Argentina;Local;4-1;
River Plate;Primera División AFA;No;Si;Huracán;;17/11/1946;Buenos Aires;Argentina;Visitante;2-2;
River Plate;Primera División AFA;No;Si;Atlanta;;24/11/1946;Buenos Aires;Argentina;Local;6-1;
River Plate;Primera División AFA;No;Si;Atlanta;;24/11/1946;Buenos Aires;Argentina;Local;6-1;
River Plate;Primera División AFA;No;Si;Atlanta;;24/11/1946;Buenos Aires;Argentina;Local;6-1;
River Plate;Primera División AFA;No;Si;Atlanta;;24/11/1946;Buenos Aires;Argentina;Local;6-1;
River Plate;Primera División AFA;No;Si;Chacarita;;01/12/1946;Buenos Aires;Argentina;Visitante;3-2;
River Plate;Primera División AFA;No;Si;Chacarita;;01/12/1946;Buenos Aires;Argentina;Visitante;3-2;
River Plate;Primera División AFA;No;Si;Racing;;08/12/1946;Buenos Aires;Argentina;Local;2-1;
River Plate;Amistoso;Si;No;Palmeiras (BRA);;18/12/1946;San Pablo;Brasil;Visitante;1-2;
River Plate;Amistoso;Si;No;Corinthians (BRA);;23/12/1946;San Pablo;Brasil;Visitante;2-1;
River Plate;Copa del Atlántico;Si;No;Nacional de Montevideo;;15/02/1947;Montevideo;Uruguay;Visitante;3-1;
River Plate;Amistoso;No;No;Comb. de San Juan;;14/07/1947;San Juan;Argentina;Visitante;3-0;
River Plate;Primera División AFA;No;Si;Rosario Central;;27/07/1947;Rosario;Argentina;Visitante;3-3;
River Plate;Primera División AFA;No;Si;Atlanta;;03/08/1947;Buenos Aires;Argentina;Local;8-0;
River Plate;Primera División AFA;No;Si;Atlanta;;03/08/1947;Buenos Aires;Argentina;Local;8-0;
River Plate;Primera División AFA;No;Si;Lanús;;10/08/1947;Buenos Aires;Argentina;Local;3-0;
River Plate;Primera División AFA;No;Si;Platense;;17/08/1947;Buenos Aires;Argentina;Visitante;4-2;
River Plate;Primera División AFA;No;Si;Platense;;17/08/1947;Buenos Aires;Argentina;Visitante;4-2;
River Plate;Primera División AFA;No;Si;Boca;;24/08/1947;Buenos Aires;Argentina;Local;2-1;
River Plate;Primera División AFA;No;Si;San Lorenzo;;31/08/1947;Buenos Aires;Argentina;Visitante;3-1;
River Plate;Primera División AFA;No;Si;Chacarita;;07/09/1947;Buenos Aires;Argentina;Local;4-2;
River Plate;Primera División AFA;No;Si;Newells;;14/09/1947;Rosario;Argentina;Visitante;2-1;
River Plate;Primera División AFA;No;Si;Banfield;;28/09/1947;Buenos Aires;Argentina;Local;6-2;
River Plate;Primera División AFA;No;Si;Banfield;;28/09/1947;Buenos Aires;Argentina;Local;6-2;
River Plate;Primera División AFA;No;Si;Banfield;;28/09/1947;Buenos Aires;Argentina;Local;6-2;
River Plate;Primera División AFA;No;Si;Racing;;12/10/1947;Buenos Aires;Argentina;Local;4-2;
River Plate;Primera División AFA;No;Si;Tigre;;02/11/1947;Tigre;Argentina;Visitante;2-3;
River Plate;Primera División AFA;No;Si;Rosario Central;;09/11/1947;Buenos Aires;Argentina;Local;4-0;
River Plate;Copa Aldao;Si;Si;Nacional de Montevideo;;19/11/1947;Montevideo;Uruguay;Visitante;4-3;
River Plate;Copa Aldao;Si;Si;Nacional de Montevideo;;19/11/1947;Montevideo;Uruguay;Visitante;4-3;
River Plate;Copa Aldao;Si;Si;Nacional de Montevideo;;19/11/1947;Montevideo;Uruguay;Visitante;4-3;
River Plate;Copa de las Tres Ciudades;No;No;Newells;;11/12/1947;Montevideo;Uruguay;Neutral;2-1;
River Plate;Copa de las Tres Ciudades;Si;No;Nacional de Montevideo;;15/12/1947;Montevideo;Uruguay;Visitante;3-1;
River Plate;Copa de las Tres Ciudades;Si;No;Peñarol;;21/12/1947;Montevideo;Uruguay;Visitante;7-2;
River Plate;Copa de las Tres Ciudades;Si;No;Peñarol;;21/12/1947;Montevideo;Uruguay;Visitante;7-2;
River Plate;Copa de las Tres Ciudades;Si;No;Peñarol;;21/12/1947;Montevideo;Uruguay;Visitante;7-2;
River Plate;Amistoso;Si;No;Sao Paulo;;11/01/1948;San Pablo;Brasil;Visitante;2-2;
River Plate;Amistoso;Si;No;Palmeiras;;18/01/1948;San Pablo;Brasil;Visitante;2-1;
River Plate;Amistoso;Si;No;Palmeiras;;18/01/1948;San Pablo;Brasil;Visitante;2-1;
River Plate;Sudamericano de clubes;Si;Si;Municipal Perú;71;21/02/1948;Santiago;Chile;Neutral;2-0;
River Plate;Primera División AFA;No;Si;Tigre;;18/04/1948;Tigre;Argentina;Visitante;4-1;
River Plate;Primera División AFA;No;Si;Tigre;;18/04/1948;Tigre;Argentina;Visitante;4-1;
River Plate;Primera División AFA;No;Si;Vélez;;25/04/1948;Buenos Aires;Argentina;Local;4-2;
River Plate;Primera División AFA;No;Si;Vélez;;25/04/1948;Buenos Aires;Argentina;Local;4-2;
River Plate;Primera División AFA;No;Si;Newells;;02/05/1948;Rosario;Argentina;Visitante;2-1;
River Plate;Primera División AFA;No;Si;Gimnasia y Esgrima ;;30/05/1948;Buenos Aires;Argentina;Local;5-3;
River Plate;Primera División AFA;No;Si;Gimnasia y Esgrima ;;30/05/1948;Buenos Aires;Argentina;Local;5-3;
River Plate;Primera División AFA;No;Si;Platense;;27/06/1948;Buenos Aires;Argentina;Local;2-1;
River Plate;Primera División AFA;No;Si;Banfield;;18/07/1948;Banfield;Argentina;Visitante;3-2;
River Plate;Primera División AFA;No;Si;Boca;;01/08/1948;Buenos Aires;Argentina;Visitante;2-1;
River Plate;Primera División AFA;No;Si;Tigre;;15/08/1948;Buenos Aires;Argentina;Local;2-2;
River Plate;Amistoso;No;No;Boca;80;17/08/1948;Buenos Aires;Argentina;Neutral;5-1;
River Plate;Primera División AFA;No;Si;Newells;;29/08/1948;Buenos Aires;Argentina;Local;1-0;
River Plate;Primera División AFA;No;Si;Lanús;;05/09/1948;Buenos Aires;Argentina;Local;2-0;
River Plate;Primera División AFA;No;Si;Racing;;12/09/1948;Avellaneda;Argentina;Visitante;1-2;
River Plate;Primera División AFA;No;Si;Gimnasia y Esgrima ;;10/10/1948;La Plata;Argentina;Visitante;2-1;
River Plate;Amistoso;No;No;Talleres de Córdoba;;12/10/1948;Córdoba;Argentina;Visitante;3-2;
River Plate;Primera División AFA;No;Si;Independiente;;31/10/1948;Buenos Aires;Argentina;Local;3-4;
River Plate;Amistoso;No;No;Racing;;23/03/1949;Buenos Aires;Argentina;Neutral;3-5;
River Plate;Amistoso;No;No;Tigre;;10/04/1949;Buenos Aires;Argentina;Local;2-1;
River Plate;Amistoso;No;No;Unión SF;;14/04/1949;Santa Fe;Argentina;Visitante;4-2;
River Plate;Amistoso;No;No;Comb. de Tucumán;;17/04/1949;Tucumán;Argentina;Visitante;5-1;
River Plate;Amistoso;No;No;Comb. de Tucumán;;17/04/1949;Tucumán;Argentina;Visitante;5-1;
River Plate;Primera División AFA;No;Si;Estudiantes;;24/04/1949;La Plata;Argentina;Visitante;2-2;
River Plate;Amistoso;No;No;Belgrano de Córdoba;;30/04/1949;Córdoba;Argentina;Visitante;3-2;
River Plate;Primera División AFA;No;Si;Atlanta;;08/05/1949;Buenos Aires;Argentina;Local;7-0;
River Plate;Primera División AFA;No;Si;Atlanta;;08/05/1949;Buenos Aires;Argentina;Local;7-0;
River Plate;Primera División AFA;No;Si;Atlanta;;08/05/1949;Buenos Aires;Argentina;Local;7-0;
River Plate;Primera División AFA;No;Si;Huracán;;22/05/1949;Buenos Aires;Argentina;Local;3-0;
River Plate;Amistoso;Si;No;Torino Simbolo (Combinado Serie A) ;25;26/05/1949;Turín;Italia;Visitante;2-2;
River Plate;Primera División AFA;No;Si;Newells;;19/06/1949;Buenos Aires;Argentina;Visitante;3-3;
River Plate;Primera División AFA;No;Si;Estudiantes;;28/07/1949;Buenos Aires;Argentina;Local;5-1;
River Plate;Primera División AFA;No;Si;Estudiantes;;28/07/1949;Buenos Aires;Argentina;Local;5-1;
River Plate;Primera División AFA;No;Si;Boca;;31/07/1949;Buenos Aires;Argentina;Local;1-0;
River Plate;Primera División AFA;No;Si;Banfield;;04/09/1949;Buenos Aires;Argentina;Local;5-0;
River Plate;Primera División AFA;No;Si;Vélez;;25/09/1949;Buenos Aires;Argentina;Visitante;3-5;
River Plate;Primera División AFA;No;Si;Tigre;;02/10/1949;Buenos Aires;Argentina;Local;3-0;
River Plate;Amistoso;No;No;Sarmiento (Catamarca);;26/10/1949;Catamarca;Argentina;Visitante;5-2;
River Plate;Amistoso;No;No;Sarmiento (Catamarca);;26/10/1949;Catamarca;Argentina;Visitante;5-2;
River Plate;Primera División AFA;No;Si;Independiente;;06/11/1949;Buenos Aires;Argentina;Local;2-1;
River Plate;Primera División AFA;No;Si;Platense;;04/12/1949;Buenos Aires;Argentina;Local;2-2;
River Plate;Primera División AFA;No;Si;Platense;;04/12/1949;Buenos Aires;Argentina;Local;2-2;
River Plate;Primera División AFA;No;Si;Rosario Central;;07/12/1949;Rosario;Argentina;Visitante;1-2;
River Plate;Primera División AFA;No;Si;Platense;;14/12/1949;Buenos Aires;Argentina;Neutral;2-1;
River Plate;Primera División AFA;No;Si;Platense;;26/12/1949;Buenos Aires;Argentina;Neutral;4-0;
River Plate;Primera División AFA;No;Si;Platense;;26/12/1949;Buenos Aires;Argentina;Neutral;4-0;
River Plate;Amistoso;Si;No;El Salvador;;01/01/1950;San Salvador;El Salvador;Visitante;3-0;
River Plate;Amistoso;Si;No;El Salvador;;01/01/1950;San Salvador;El Salvador;Visitante;3-0;
River Plate;Amistoso;Si;No;El Salvador;;06/01/1950;San Salvador;El Salvador;Visitante;8-0;
River Plate;Amistoso;Si;No;El Salvador;;06/01/1950;San Salvador;El Salvador;Visitante;8-0;
River Plate;Amistoso;Si;No;El Salvador;;08/01/1950;San Salvador;El Salvador;Visitante;3-1;
River Plate;Amistoso;Si;No;El Salvador;;08/01/1950;San Salvador;El Salvador;Visitante;3-1;
River Plate;Amistoso;Si;No;El Salvador;;08/01/1950;San Salvador;El Salvador;Visitante;3-1;
River Plate;Amistoso;Si;No;Atlante;2;15/01/1950;México;México;Visitante;6-0;
River Plate;Amistoso;Si;No;Atlante;7;15/01/1950;México;México;Visitante;6-0;
River Plate;Amistoso;Si;No;Atlante;31;15/01/1950;México;México;Visitante;6-0;
River Plate;Amistoso;Si;No;América de México;43;22/01/1950;México;México;Visitante;8-2;
River Plate;Amistoso;Si;No;América de México;54;22/01/1950;México;México;Visitante;8-2;
River Plate;Amistoso;Si;No;Veracruz;4;29/01/1950;México;México;Visitante;4-1;
River Plate;Amistoso;Si;No;Veracruz;74;29/01/1950;México;México;Visitante;4-1;
River Plate;Amistoso;Si;No;España-Asturias;42;02/02/1950;México;México;Visitante;1-0;
River Plate;Amistoso;Si;No;León;39;05/02/1950;México;México;Visitante;4-1;
Selección Argentina;Copa Chevallier Boutell;Si;No;Paraguay;;29/03/1950;Buenos Aires;Argentina;Local;4-0;
Selección Argentina;Copa Chevallier Boutell;Si;No;Paraguay;;29/03/1950;Buenos Aires;Argentina;Local;4-0;
River Plate;Primera División AFA;No;Si;Atlanta;;30/04/1950;Buenos Aires;Argentina;Local;1-3;
River Plate;Primera División AFA;No;Si;Banfield;;21/05/1950;Banfield;Argentina;Visitante;1-3;
River Plate;Primera División AFA;No;Si;Rosario Central;;04/06/1950;Rosario;Argentina;Visitante;3-2;
River Plate;Primera División AFA;No;Si;Rosario Central;;04/06/1950;Rosario;Argentina;Visitante;3-2;
River Plate;Primera División AFA;No;Si;Rosario Central;;04/06/1950;Rosario;Argentina;Visitante;3-2;
River Plate;Primera División AFA;No;Si;Gimnasia y Esgrima ;;18/06/1950;La Plata;Argentina;Visitante;2-1;
River Plate;Primera División AFA;No;Si;Gimnasia y Esgrima ;;18/06/1950;La Plata;Argentina;Visitante;2-1;
River Plate;Amistoso;No;No;Argentino del Norte (T);;20/06/1950;Tucumán;Argentina;Visitante;4-2;
River Plate;Primera División AFA;No;Si;Newells;;13/08/1950;Buenos Aires;Argentina;Local;2-0;
River Plate;Amistoso;No;No;Unión SF;;15/08/1950;Santa Fe;Argentina;Visitante;1-1;
River Plate;Primera División AFA;No;Si;Estudiantes;;27/08/1950;Buenos Aires;Argentina;Local;2-0;
River Plate;Primera División AFA;No;Si;Atlanta;;03/09/1950;Buenos Aires;Argentina;Visitante;4-1;
River Plate;Primera División AFA;No;Si;Atlanta;;03/09/1950;Buenos Aires;Argentina;Visitante;4-1;
River Plate;Primera División AFA;No;Si;Banfield;;24/09/1950;Buenos Aires;Argentina;Local;1-1;
River Plate;Primera División AFA;No;Si;Racing;;01/10/1950;Avellaneda;Argentina;Visitante;3-5;
River Plate;Primera División AFA;No;Si;Racing;;01/10/1950;Avellaneda;Argentina;Visitante;3-5;
River Plate;Primera División AFA;No;Si;Boca;;12/10/1950;Buenos Aires;Argentina;Local;2-1;
River Plate;Amistoso;No;No;Gimnasia y Tiro (S);;07/11/1950;Salta;Argentina;Visitante;5-0;
River Plate;Primera División AFA;No;Si;Tigre;;12/11/1950;Buenos Aires;Argentina;Local;6-2;
River Plate;Primera División AFA;No;Si;Tigre;;12/11/1950;Buenos Aires;Argentina;Local;6-2;
River Plate;Primera División AFA;No;Si;Platense;;26/11/1950;Buenos Aires;Argentina;Local;4-1;
River Plate;Primera División AFA;No;Si;Platense;;26/11/1950;Buenos Aires;Argentina;Local;4-1;
River Plate;Amistoso;No;No;Comb. de Mar del Plata;;29/01/1951;Mar del Plata;Argentina;Visitante;3-3;
River Plate;Amistoso;No;No;Colón SF;;20/02/1951;Santa Fe;Argentina;Visitante;4-3;
River Plate;Amistoso;No;No;Newells;;24/02/1951;Rosario;Argentina;Visitante;6-3;
River Plate;Amistoso;No;No;Newells;;24/02/1951;Rosario;Argentina;Visitante;6-3;
River Plate;Amistoso;No;No;Sportivo Belgrano;18;03/03/1951;San Francisco Córdoba;Argentina;Visitante;5-0;
River Plate;Amistoso;No;No;Sportivo Belgrano;72;03/03/1951;San Francisco Córdoba;Argentina;Visitante;5-0;
River Plate;Amistoso;No;No;Sportivo Belgrano;76;03/03/1951;San Francisco Córdoba;Argentina;Visitante;5-0;
River Plate;Amistoso;No;No;Seleccíon de Córdoba;;04/03/1951;Córdoba;Argentina;Visitante;2-2;
River Plate;Amistoso;No;No;Mitre (Sgo. del Estero);;08/03/1951;Santiago del Estero;Argentina;Visitante;2-2;
River Plate;Amistoso;No;No;Argentino del Norte (T);;10/03/1951;Tucumán;Argentina;Visitante;2-2;
River Plate;Amistoso;No;No;Comb. de Tucumán;;12/03/1951;Tucumán;Argentina;Visitante;6-3;
River Plate;Amistoso;No;No;Comb. de Tucumán;;12/03/1951;Tucumán;Argentina;Visitante;6-3;
River Plate;Amistoso;No;No;Liga de Salta;;14/03/1951;Salta;Argentina;Visitante;4-0;
River Plate;Amistoso;No;No;Liga de Salta;;14/03/1951;Salta;Argentina;Visitante;4-0;
River Plate;Amistoso;No;No;Boca;62;18/03/1951;Buenos Aires;Argentina;Neutral;5-4;
River Plate;Amistoso;No;No;Boca;65;18/03/1951;Buenos Aires;Argentina;Neutral;5-4;
River Plate;Amistoso;No;No;Platense;;25/03/1951;Buenos Aires;Argentina;Neutral;1-2;
River Plate;Amistoso;No;No;Talleres (Cba);;31/03/1951;Córdoba;Argentina;Visitante;2-2;
River Plate;Amistoso;No;No;Unión SF;;08/04/1951;Santa Fe;Argentina;Visitante;2-2;
Selección Argentina;Amistoso;Si;No;Irlanda;54;13/05/1951;Dublin;Irlanda;Visitante;1-0;
River Plate;Primera División AFA;No;Si;Platense;;01/06/1951;Buenos Aires;Argentina;Local;3-2;
River Plate;Primera División AFA;No;Si;Platense;;01/06/1951;Buenos Aires;Argentina;Local;3-2;
River Plate;Primera División AFA;No;Si;Huracán;;10/06/1951;Buenos Aires;Argentina;Local;5-1;
River Plate;Primera División AFA;No;Si;Chacarita;;17/06/1951;Buenos Aires;Argentina;Visitante;5-1;
River Plate;Primera División AFA;No;Si;Chacarita;;17/06/1951;Buenos Aires;Argentina;Visitante;5-1;
River Plate;Amistoso;Si;No;Torino ;45;29/06/1951;Buenos Aires;Argentina;Local;3-1;
River Plate;Primera División AFA;No;Si;Platense;;01/07/1951;Buenos Aires;Argentina;Local;1-1;
River Plate;Primera División AFA;No;Si;Lanús;;12/07/1951;Lanús;Argentina;Visitante;2-1;
River Plate;Primera División AFA;No;Si;Boca;;15/07/1951;Buenos Aires;Argentina;Local;1-0;
River Plate;Primera División AFA;No;Si;Vélez;;22/07/1951;Buenos Aires;Argentina;Local;3-3;
River Plate;Amistoso;No;No;Racing;;25/07/1951;Junin;Argentina;Neutral;3-3;
River Plate;Primera División AFA;No;Si;Newells;;15/08/1951;Buenos Aires;Argentina;Local;5-1;
River Plate;Primera División AFA;No;Si;Newells;;15/08/1951;Buenos Aires;Argentina;Local;5-1;
River Plate;Amistoso;No;No;Liga de Caucete SJ;;25/08/1951;San Juan;Argentina;Visitante;6-0;
River Plate;Amistoso;No;No;CA de la Juventud SJ;;26/08/1951;San Juan;Argentina;Visitante;1-0;
River Plate;Primera División AFA;No;Si;Estudiantes;;02/09/1951;Buenos Aires;Argentina;Local;4-1;
River Plate;Primera División AFA;No;Si;Ferro;;16/09/1951;Buenos Aires;Argentina;Local;2-1;
River Plate;Primera División AFA;No;Si;Vélez;;04/11/1951;Buenos Aires;Argentina;Local;1-1;
River Plate;Gira Europea;Si;No;Athetic Bilbao;;20/12/1951;Bilbao;España;Visitante;2-5;
River Plate;Gira Europea;Si;No;Athetic Bilbao;;20/12/1951;Bilbao;España;Visitante;2-5;
River Plate;Gira Europea;Si;No;Atlético de Madrid;65;25/12/1951;Madrid;España;Visitante;3-3;
River Plate;Gira Europea;Si;No;Napoli; ;03/01/1952;Napoles;Italia;Visitante;2-1;
River Plate;Gira Europea;Si;No;Napoli; ;03/01/1952;Napoles;Italia;Visitante;2-1;
River Plate;Gira Europea;Si;No;Torino ;44;16/01/1952;Turín;Italia;Visitante;3-3;
River Plate;Gira Europea;Si;No;Comb. Genoa-Sampdoria;;23/01/1952;Genova;Italia;Visitante;3-3;
River Plate;Gira Europea;Si;No;Arsenal Spezzia; ;26/01/1952;La Spezzia;Italia;Visitante;8-1;
River Plate;Gira Europea;Si;No;Servette;;27/01/1952;Ginebra;Suiza;Visitante;4-3;
River Plate;Gira Europea;Si;No;Servette;;27/01/1952;Ginebra;Suiza;Visitante;4-3;
River Plate;Gira Europea;Si;No;Manchester City;6;02/02/1952;Manchester;Inglaterra;Visitante;4-3;
River Plate;Gira Europea;Si;No;Manchester City;12;02/02/1952;Manchester;Inglaterra;Visitante;4-3;
River Plate;Gira Europea;Si;No;Combinado Benfica / Sporting Lisboa; ;17/02/1952;Lisboa;Portugal;Visitante;5-0;
River Plate;Gira Europea;Si;No;Combinado Benfica / Sporting Lisboa; ;17/02/1952;Lisboa;Portugal;Visitante;5-0;
River Plate;Amistoso;No;No;Quilmes (Mar del Plata);;29/03/1952;Mar del Plata;Argentina;Visitante;3-3;
River Plate;Amistoso;No;No;Quilmes (Mar del Plata);;29/03/1952;Mar del Plata;Argentina;Visitante;3-3;
River Plate;Amistoso;No;No;Combinado Mar del Plata;;30/03/1952;Mar del Plata;Argentina;Visitante;5-0;
River Plate;Primera División AFA;No;Si;Estudiantes;;13/04/1952;La Plata;Argentina;Visitante;4-2;
River Plate;Primera División AFA;No;Si;Estudiantes;;13/04/1952;La Plata;Argentina;Visitante;4-2;
River Plate;Primera División AFA;No;Si;San Lorenzo;;04/05/1952;Buenos Aires;Argentina;Visitante;1-2;
River Plate;Primera División AFA;No;Si;Chacarita;;15/06/1952;Buenos Aires;Argentina;Local;2-0;
River Plate;Amistoso;No;No;Liga de Mercedes;;26/06/1952;Mercedes;Argentina;Visitante;9-2;
River Plate;Amistoso;No;No;Liga de Mercedes;;26/06/1952;Mercedes;Argentina;Visitante;9-2;
River Plate;Primera División AFA;No;Si;Huracán;;29/06/1952;Buenos Aires;Argentina;Local;3-2;
River Plate;Primera División AFA;No;Si;Banfield;;06/07/1952;Banfield;Argentina;Visitante;1-2;
River Plate;Amistoso;No;No;Liga del Chaco;;09/07/1952;Chaco;Argentina;Visitante;7-5;
River Plate;Amistoso;No;No;Liga del Chaco;;09/07/1952;Chaco;Argentina;Visitante;7-5;
River Plate;Amistoso;No;No;Liga del Chaco;;09/07/1952;Chaco;Argentina;Visitante;7-5;
River Plate;Amistoso;No;No;Liga del Chaco;;09/07/1952;Chaco;Argentina;Visitante;7-5;
River Plate;Amistoso;No;No;Liga del Chaco;;12/07/1952;Chaco;Argentina;Visitante;5-0;
River Plate;Amistoso;No;No;Liga del Chaco;;12/07/1952;Chaco;Argentina;Visitante;5-0;
River Plate;Primera División AFA;No;Si;Lanús;;12/10/1952;Buenos Aires;Argentina;Local;2-1;
River Plate;Primera División AFA;No;Si;Rosario Central;;19/10/1952;Rosario;Argentina;Visitante;3-5;
River Plate;Primera División AFA;No;Si;Huracán;;22/11/1952;Buenos Aires;Argentina;Visitante;7-1;
Selección Argentina;Amistoso;Si;No;Portugal;;14/12/1952;Lisboa;Portugal;Visitante;3-1;
Selección Argentina;Amistoso;Si;No;Portugal;;14/12/1952;Lisboa;Portugal;Visitante;3-1;
River Plate;Amistoso;No;No;Argentino del Norte (T);;20/12/1952;Buenos Aires;Argentina;Local;2-0;
River Plate;Amistoso;Si;No;Sport Patria ;;30/12/1952;Guayaquil;Ecuador;Visitante;3-2;
River Plate;Copa República Colombia;Si;No;Millonarios;;03/01/1953;Bogotá ;Colombia;Visitante;3-1;
River Plate;Copa República Colombia;Si;No;Deportivo Cali;;16/01/1953;Bogotá ;Colombia;Neutral;4-1;
River Plate;Copa República Colombia;Si;No;Independiente Santa Fé ;;18/01/1953;Bogotá ;Colombia;Visitante;4-1;
River Plate;Copa República Colombia;Si;No;Rapid Viena;;26/01/1953;Bogotá ;Colombia;Neutral;5-1;
River Plate;Copa República Colombia;Si;No;Rapid Viena;;26/01/1953;Bogotá ;Colombia;Neutral;5-1;
River Plate;Copa República Colombia;Si;No;Independiente Santa Fé ;;01/02/1953;Bogotá ;Colombia;Visitante;3-3;
River Plate;Copa República Colombia;Si;No;Independiente Santa Fé ;;01/02/1953;Bogotá ;Colombia;Visitante;3-3;
River Plate;Pequeña Copa de Campeones del mundo;Si;No;Rapid Viena;;10/02/1953;Caracas;Venezuela;Neutral;1-3;
River Plate;Amistoso;Si;No;Rapid Viena;;14/02/1953;Caracas;Venezuela;Neutral;3-1;
River Plate;Amistoso;No;No;Ferro Carril Oeste;;22/03/1953;Buenos Aires;Argentina;Visitante;2-2;
River Plate;Amistoso;No;No;Independiente;;26/03/1953;Buenos Aires;Argentina;Local;4-0;
River Plate;Amistoso;No;No;Independiente;;26/03/1953;Buenos Aires;Argentina;Local;4-0;
River Plate;Amistoso;No;No;Selección de Zárate;;14/04/1953;Zárate;Argentina;Visitante;5-2;
River Plate;Amistoso;No;No;Selección de Zárate;;14/04/1953;Zárate;Argentina;Visitante;5-2;
River Plate;Primera División AFA;No;Si;San Lorenzo;;19/04/1953;Buenos Aires;Argentina;Local;2-1;
River Plate;Primera División AFA;No;Si;Lanús;;07/06/1953;Buenos Aires;Argentina;Local;2-1;
River Plate;Primera División AFA;No;Si;Platense;;21/06/1953;Buenos Aires;Argentina;Visitante;3-2;
River Plate;Amistoso;No;No;Comb. de Tres Arroyos;;12/07/1953;Tres Arroyos;Argentina;Visitante;3-3;
River Plate;Amistoso;No;No;Unión SF;;29/07/1953;Santa Fe;Argentina;Visitante;2-2;
River Plate;Primera División AFA;No;Si;Estudiantes;;02/08/1953;Buenos Aires;Argentina;Local;1-0;
River Plate;Primera División AFA;No;Si;Newells;;09/08/1953;Rosario;Argentina;Visitante;4-1;
River Plate;Primera División AFA;No;Si;Banfield;;17/08/1953;Banfield;Argentina;Visitante;2-1;
River Plate;Primera División AFA;No;Si;San Lorenzo;;30/08/1953;Buenos Aires;Argentina;Visitante;4-1;
River Plate;Primera División AFA;No;Si;San Lorenzo;;30/08/1953;Buenos Aires;Argentina;Visitante;4-1;
River Plate;Primera División AFA;No;Si;Ferro;;06/09/1953;Buenos Aires;Argentina;Visitante;3-0;
River Plate;Primera División AFA;No;Si;Chacarita;;13/09/1953;Buenos Aires;Argentina;Local;4-1;
River Plate;Primera División AFA;No;Si;Gimnasia y Esgrima ;;27/09/1953;Buenos Aires;Argentina;Local;2-1;
River Plate;Primera División AFA;No;Si;Rosario Central;;04/10/1953;Rosario;Argentina;Visitante;1-4;
River Plate;Primera División AFA;No;Si;Lanús;;11/10/1953;Buenos Aires;Argentina;Local;2-1;
River Plate;Primera División AFA;No;Si;Huracán;;18/10/1953;Buenos Aires;Argentina;Visitante;3-1;
River Plate;Primera División AFA;No;Si;Platense;;25/10/1953;Buenos Aires;Argentina;Local;6-2;
River Plate;Primera División AFA;No;Si;Racing;;08/11/1953;Buenos Aires;Argentina;Local;2-1;
River Plate;Amistoso;No;No;Comb. de Tucumán;;16/12/1953;Tucumán;Argentina;Visitante;3-0;
River Plate;Amistoso;No;No;Federación Tucumana;;20/12/1953;Tucumán;Argentina;Visitante;5-4;
River Plate;Amistoso;No;No;Federación Tucumana;;20/12/1953;Tucumán;Argentina;Visitante;5-4;
River Plate;Amistoso;No;No;Nuñorco (Tucumán);;21/12/1953;Tucumán;Argentina;Visitante;4-3;
River Plate;Amistoso;No;No;Comb. Liga Paranaense;;25/05/1954;Entre Ríos;Argentina;Visitante;3-5;
River Plate;Primera División AFA;No;Si;Independiente;;30/05/1954;Buenos Aires;Argentina;Local;2-3;
River Plate;Primera División AFA;No;Si;Platense;;20/06/1954;Buenos Aires;Argentina;Visitante;2-2;
River Plate;Amistoso;No;No;Federación Tucumana;;11/07/1954;Tucumán;Argentina;Visitante;4-5;
River Plate;Amistoso;No;No;Federación Tucumana;;11/07/1954;Tucumán;Argentina;Visitante;4-5;
River Plate;Primera División AFA;No;Si;Rosario Central;;25/07/1954;Buenos Aires;Argentina;Local;4-0;
River Plate;Primera División AFA;No;Si;Huracán;;22/08/1954;Buenos Aires;Argentina;Visitante;2-1;
River Plate;Primera División AFA;No;Si;Tigre;;05/09/1954;Buenos Aires;Argentina;Local;5-1;
River Plate;Primera División AFA;No;Si;Gimnasia y Esgrima ;;12/09/1954;La Plata;Argentina;Visitante;2-1;
River Plate;Amistoso;No;No;Federación Tucumana;;12/10/1954;Tucumán;Argentina;Visitante;1-2;
River Plate;Primera División AFA;No;Si;Boca;;31/10/1954;Buenos Aires;Argentina;Local;3-0;
River Plate;Primera División AFA;No;Si;Boca;;31/10/1954;Buenos Aires;Argentina;Local;3-0;
River Plate;Amistoso;No;No;Platense;;29/12/1954;Buenos Aires;Argentina;Visitante;3-3;
River Plate;Amistoso;Si;No;Austria Viena;;09/01/1955;Buenos Aires;Argentina;Local;2-3;
River Plate;Amistoso;Si;No;Nacional de Montevideo;;13/01/1955;Buenos Aires;Argentina;Local;4-0;
River Plate;Amistoso;Si;No;Nacional de Montevideo;;13/01/1955;Buenos Aires;Argentina;Local;4-0;
River Plate;Amistoso;No;No;Independiente;;16/01/1955;Buenos Aires;Argentina;Local;4-5;
Selección Argentina;Copa América;Si;Si;Uruguay;;27/03/1955;Santiago;Chile;Neutral;6-1;
Selección Argentina;Copa América;Si;Si;Uruguay;;27/03/1955;Santiago;Chile;Neutral;6-1;
Selección Argentina;Copa América;Si;Si;Uruguay;;27/03/1955;Santiago;Chile;Neutral;6-1;
River Plate;Amistoso;Si;No;Nacional de Montevideo;;12/05/1955;Buenos Aires;Argentina;Local;4-0;
River Plate;Primera División AFA;No;Si;Gimnasia y Esgrima ;;15/05/1955;La Plata;Argentina;Visitante;3-2;
River Plate;Primera División AFA;No;Si;Gimnasia y Esgrima ;;15/05/1955;La Plata;Argentina;Visitante;3-2;
River Plate;Primera División AFA;No;Si;Newells;;22/05/1955;Buenos Aires;Argentina;Local;1-0;
River Plate;Amistoso;Si;No;Colo Colo;;25/05/1955;Buenos Aires;Argentina;Local;4-0;
River Plate;Primera División AFA;No;Si;Ferro;;05/06/1955;Buenos Aires;Argentina;Local;2-1;
River Plate;Primera División AFA;No;Si;Ferro;;05/06/1955;Buenos Aires;Argentina;Local;2-1;
River Plate;Primera División AFA;No;Si;San Lorenzo;;10/08/1955;Buenos Aires;Argentina;Local;4-2;
River Plate;Primera División AFA;No;Si;Chacarita;;04/09/1955;Buenos Aires;Argentina;Visitante;3-1;
River Plate;Primera División AFA;No;Si;Gimnasia y Esgrima ;;11/09/1955;Buenos Aires;Argentina;Local;2-0;
River Plate;Primera División AFA;No;Si;Vélez;;04/12/1955;Buenos Aires;Argentina;Local;5-2;
River Plate;Primera División AFA;No;Si;Boca;;08/12/1955;Buenos Aires;Argentina;Visitante;2-1;
Selección Argentina;Copa América;Si;Si;Chile;;29/01/1956;Montevideo;Uruguay;Neutral;2-0;
Selección Argentina;Copa América;Si;Si;Chile;;29/01/1956;Montevideo;Uruguay;Neutral;2-0;
River Plate;Amistoso;No;No;San Martín (Tucumán);;14/03/1956;Tucumán;Argentina;Visitante;3-1;
River Plate;Amistoso;No;No;Talleres (Cba);;17/03/1956;Córdoba;Argentina;Visitante;4-0;
River Plate;Amistoso;No;No;Argentinos Jr.;;24/03/1956;Avellaneda;Argentina;Neutral;6-2;
River Plate;Amistoso;Si;No;Universitario;;29/03/1956;Lima;Perú;Visitante;6-2;
River Plate;Primera División AFA;No;Si;Boca;;22/04/1956;Buenos Aires;Argentina;Local;2-1;
River Plate;Primera División AFA;No;Si;Vélez;;23/09/1956;Buenos Aires;Argentina;Visitante;1-2;
River Plate;Primera División AFA;No;Si;Newells;;07/10/1956;Buenos Aires;Argentina;Local;2-1;
River Plate;Primera División AFA;No;Si;Gimnasia y Esgrima ;;12/10/1956;La Plata;Argentina;Visitante;4-1;
River Plate;Primera División AFA;No;Si;Racing;;21/10/1956;Buenos Aires;Argentina;Local;2-1;
River Plate;Primera División AFA;No;Si;Lanús;;28/10/1956;Lanús;Argentina;Visitante;3-1;
River Plate;Primera División AFA;No;Si;Argentinos Juniors;;01/11/1956;Buenos Aires;Argentina;Local;3-1;
River Plate;Primera División AFA;No;Si;Chacarita;;11/11/1956;Buenos Aires;Argentina;Local;1-1;
River Plate;Primera División AFA;No;Si;Rosario Central;;25/11/1956;Buenos Aires;Argentina;Local;4-0;
River Plate;Amistoso;No;No;Atlanta;;09/12/1956;Buenos Aires;Argentina;Local;2-0;
River Plate;Amistoso;No;No;Atlanta;;09/12/1956;Buenos Aires;Argentina;Local;2-0;
River Plate;Amistoso;Si;No;Alianza Lima (PER);;16/12/1956;Lima;Perú;Visitante;4-3;
River Plate;Amistoso;Si;No;Alianza Lima (PER);;16/12/1956;Lima;Perú;Visitante;4-3;
River Plate;Amistoso;Si;No;Sporting Crystal (PER);;20/12/1956;Lima;Perú;Visitante;2-2;
River Plate;Amistoso;Si;No;Independiente Santa Fé ;;13/01/1957;Bogotá ;Colombia;Visitante;5-1;
River Plate;Amistoso;Si;No;Independiente Santa Fé ;;13/01/1957;Bogotá ;Colombia;Visitante;5-1;
River Plate;Amistoso;No;No;Estudiantes;;21/04/1957;Buenos Aires;Argentina;Local;5-2;
River Plate;Primera División AFA;No;Si;Ferro;;09/06/1957;Buenos Aires;Argentina;Visitante;4-2;
River Plate;Primera División AFA;No;Si;Ferro;;09/06/1957;Buenos Aires;Argentina;Visitante;4-2;
River Plate;Primera División AFA;No;Si;Huracán;;16/06/1957;Buenos Aires;Argentina;Local;2-2;
River Plate;Primera División AFA;No;Si;Huracán;;16/06/1957;Buenos Aires;Argentina;Local;2-2;
River Plate;Primera División AFA;No;Si;Estudiantes;;30/06/1957;Buenos Aires;Argentina;Local;6-1;
River Plate;Primera División AFA;No;Si;Estudiantes;;30/06/1957;Buenos Aires;Argentina;Local;6-1;
Selección Argentina;Copa Roca;Si;No;Brasil;;07/07/1957;Rio de Janeiro;Brasil;Visitante;2-1;
River Plate;Primera División AFA;No;Si;San Lorenzo;;18/08/1957;Buenos Aires;Argentina;Local;1-1;
River Plate;Primera División AFA;No;Si;Rosario Central;;25/08/1957;Buenos Aires;Argentina;Local;2-1;
River Plate;Primera División AFA;No;Si;Ferro;;29/09/1957;Buenos Aires;Argentina;Local;7-0;
River Plate;Primera División AFA;No;Si;Ferro;;29/09/1957;Buenos Aires;Argentina;Local;7-0;
River Plate;Primera División AFA;No;Si;Independiente;;05/12/1957;Buenos Aires;Argentina;Local;2-0;
River Plate;Primera División AFA;No;Si;Vélez;;11/12/1957;Buenos Aires;Argentina;Local;5-0;
River Plate;Primera División AFA;No;Si;Vélez;;11/12/1957;Buenos Aires;Argentina;Local;5-0;
River Plate;Amistoso;Si;No;Colo Colo;;12/01/1958;Santiago;Chile;Visitante;4-4;
River Plate;Amistoso;Si;No;Selección de Pichincha;;19/01/1958;Quito;Ecuador;Visitante;4-1;
River Plate;Amistoso;No;No;Independiente;;28/03/1958;Buenos Aires;Argentina;Local;1-2;
River Plate;Primera División AFA;No;Si;Rosario Central;;30/07/1958;Rosario;Argentina;Visitante;2-3;
River Plate;Primera División AFA;No;Si;Independiente;;31/08/1958;Buenos Aires;Argentina;Local;1-1;
River Plate;Primera División AFA;No;Si;Estudiantes;;14/09/1958;Buenos Aires;Argentina;Local;5-1;
River Plate;Primera División AFA;No;Si;Estudiantes;;14/09/1958;Buenos Aires;Argentina;Local;5-1;
River Plate;Primera División AFA;No;Si;Estudiantes;;14/09/1958;Buenos Aires;Argentina;Local;5-1;
River Plate;Primera División AFA;No;Si;Argentinos Juniors;;23/10/1958;Buenos Aires;Argentina;Local;3-2;
River Plate;Primera División AFA;No;Si;Rosario Central;;12/11/1958;Buenos Aires;Argentina;Local;5-1;
River Plate;Primera División AFA;No;Si;Rosario Central;;12/11/1958;Buenos Aires;Argentina;Local;5-1;
River Plate;Primera División AFA;No;Si;Rosario Central;;12/11/1958;Buenos Aires;Argentina;Local;5-1;
River Plate;Amistoso;No;No;Talleres (Cba);;17/12/1958;Córdoba;Argentina;Visitante;5-2;
River Plate;Primera División AFA;No;Si;Gimnasia y Esgrima ;;24/05/1959;Buenos Aires;Argentina;Local;2-1;
Rangers de Talca;Primera División Chile;No;Si;Audax Italiano;;01/03/1960;Santiago;Chile;Visitante;1-1;* a confirmar
Rampla Juniors;Primera División AUF;No;Si;No determinado;;01/07/1960;;Uruguay;;;
Rampla Juniors;Primera División AUF;No;Si;No determinado;;11/07/1960;;Uruguay;;;
Rampla Juniors;Primera División AUF;No;Si;No determinado;;21/07/1960;;Uruguay;;;
